haEUdZfEXO6lHU8zeqmjwS+KQWWVJTd4Gk215LdUbk5NRvu1Bh1ywtT8NcO9TgB3dH0DQ/buqlRzmTz2arfsIME9yDJczz1nNxQTJEnUq2gZvr57GNt5ZNXrvEhclu8wfPoEWmTAodHWdfvuPzJeQthkTmHXEkgpKYWIbqfoZnpI8a/5SNRX8nAzl3b1s9kQyqVKhai5obUw3HSwdHmYtIHd7kM8uC4n+c8KS9yWOeqObpBUb3jGT79Y6TgZAOz9fjS3nppyNpyXXWAYR4v6vS41/DMurtI4cqBnEGPccSIv8mg/AybNW6hxfRjgMy4GKKRVt3O8jygh1Y2a7MAkxu4CZUrJXTT/NZTAlT/gyd4TiFGIEazepP3vsNn+a9v3GQ1YHv2ba+FwQbH82OW4xPVVrqMFBpO7nKvRV47MXv8QBXUFhQVaX3v4ykiyMS4Qa64GGapH/oY1dZ0liksArMhACqA7ckW1qP7CgOUM6iMSPWsW5C6Apk1t2/0veT4qvlgCDKb7SdsaPazcoP7s0v+E+UDOCXSWCFh9RGw6ysQsHSJ6DpG1lGHQYIXaPtX0A61pG5tLCDeFnathXL5LxdV0ZSQPJIz9m6r/DYGs4depBCwhMc+k87KzW1M4Bdw0EMl1Hr6j0IGYZqyBfgBBM2T75uNRpJItpv+repwwIew=,KjFay0vvuasyUHN2ZdH8mMiHvFbChbOmGy+1HAHpcGhJkMyrYdwa3sWg9cx7Lk8DhFyDSqH/2IE6QP4eZreCDR1yHTmqgMP9lKPqndQSMiCaDhqf6Puh9W9VjEKOeOYoYFzyygn0ncJ25MWt+CE52wm5kNdFJH9sQNZb6hmy81d1m5740TZanueY+Y65R6TTDF7wXMOKJ3Jk8VHLh+k9BBZLxJeuGojwYxJtX/guKYDwTS7gQQpJvh0Qw/64tk3VLhrPWAdrTUQDDKUdADomc9zO0+0orNsFq6bJsbL++qloXJhuZWXcYsqXDtKVH3UeQGeZ79CTmjTVKchh4+dtGQkUS87u2erbtqdUW6Fucf2q0gf2TMze+t6XtbzNsaefSkJCg4TfF30J9hyCabzusJhaEFuFmxcCwP99TCLpdvo7IVXbhriC0K33oUI1H+N21UQ5qwqd4j7wABjiprjOIBKmmzjwDbENUFZMrqxJOKo0M5AdE9h6LQHTFmVCzjUNXZo4Iw8R5Nbhj1ZfbXPYBYpDi/UfrJUJyxkmfzTnizUxEpTsOGzsOkR3yRn6Zk/nIIz6jtI3z9lTM2wMSbgtrho1ih5x5t3WYbpiuslIHJbJ+wiwk94dJI53UguwzhReb73TSdn1skX0bFrbqIMgte6kAZHA9wD8GzxRwedCYjE=,1613385816.394892
WtKjPH8u+XZ3ciEJDfpZCRMp6vKJUCE3/0N4yGyWR2KLREtj4YjYLfIR7/dfnOq2OVyWbiUJmvV5u3zF0wI+5EZMEry2GbPAo7rz0FKgM+paxGlDSjAoEkVho805VlVSBUpxulcW0RkaTpfW/2Q6LP36c+/ZLw4rhfuUxANrfT5rkeM43pBAyUlDAzWOQXo46pyqrEehaFDHJtGLbU8aWChOYkl9PbxKsizdkmfkipt8PZEQA81FyB89Ez0V7XRXGRu+5wsfkBsntyoSH2SFULC45nXERmJKz6s7PGEZNzNJ3XgbJx80DDwApBaLWPMADh1/c0jESgzBd3u3p4N91xdjjfF3sg4oVWYrPEMW0N0rQKH8rp/blBAYXcOQNx5N6GQ1ii0IfLybpTrGKHlSmUhAsJbT0gu68hA9WUrb5zCNX3ParIWsgFnjoerRlano4+YHXbPe7m6Jto1T2fpV91xMWSJLD+3SO+Hj0t4ceC6d9Gl8q8YslIl1arTyRtUck+vtl13SPPSxZxJDHLDQYWlRhD9ojBnwxXw8ZH0HVDNIYAvk49ZMH1PGPK3cHpwipFupAa3e3udyRhZYY0+oHJMXd0nID4GvEE8lECwsGkYIZl4sUn6cobOecIX1/2c36WHwxps3IJM2c3wzLASFfriz0dKkPoHaGCAPVFt1nRQ=,YmDFmRhGpfUdVu7J18taFgwmA2ketGT7X8kEB1KLmdUM451hKMp3N5j1NxL1FNEOdJXlEBRupWc2cMzfhuT4tQYT5TFjO/Tm1QyOtydfhLa91uOfa7cLmNAFRW4GgTz1Dh8XK/4IcksySzw3m6EiYk+JvQsQZ/ggPtzEQ23St028LoZMJYGiGjla3GmtJT7nAduGvW1AU+pTg3DLeyavuhFaejVXZOjwtNb8zkmozlHFKN8LTbq/M7aa4xfGeDxQm8yoS8/4Boz2W4b2P9C4uvzzwgVEsd+C7aBCLQ0ZgF+HANNim5ZODM/7c/SK9Fud1monfRSHIcTOUvjBgZEDu7WPZfZN0J8z9QNkOCWlvGHwLhISVuXkaYPLcm2nNWCPUBCU2QZKfJLJBUk8vsEs0E9dIBirE74Sb6F72trBPFVq7C6egDQTr/lxkLr//DRb9WY9ZEYqlE6e/11K71x61WA7hOITKz+z3yoUwRmvEeIY5WXbCSzxE8NykRCGFvkHCfVxjBKyR/r2yIH361WiQXDhDEneWEJd4O5so7zT+TeSBxbJM9WsFRuOqr56e2CbnJCiYTI9JTpa0BjnRWw+NAiSghqzIortR9d8Gv2f9F12Sc1LVURwtmBlDHoTYf8+M+WrufGXGkQxHLISwCOLAubtQtAl+ySUEcg5Is8BlvU=,1613314585.792174
C16EWpSMfqEDkwxK8t2xZZ36Iu6sQAfxkswvkEA59P5PwSQAD/fkPktYPZuvljbzHJ6MKwI3QTnkgR4TDYMlyg7QIEyS7CCY9qnFXGxKHq8Gthp/3y3W/JmDwBaNhZu4LFHMjNhPk8HzVfqWqnHBSt5fsY8QZNWQETfsLd8Tg2C5qe86MZ9ANI6s//Ensi/P4+CipWLvYPWQM43e4j6CBg2fLT01eUNVSHzVDSmltemmd72dn/DZsFR/0PoA0OyIJL9v+myVctEBHIttSpjQ0kTXr8+6wAWgVLL4kno8At4ozP7rBB/NpV75AMeTop2j1FhJSFkbfErh18WDH8xNi2s5LkuIFVMD/juci4kT5rsQenBEOlUm0vZp/trd3HZ4fLAJJ77j3L8Btz35oSMjhdJsPhm+dOHyjCiGmZUs641LEp6Ud4aC7H/6calJiCgEyIBhN5h5MkZ2gKxmJO3FBfe0eycLm9OitSupv3A/u2UEORCp35BYwge4z/jyV8cJQ+AeNMZ53AtC31sMQqq8HPvkrPLlPZ5QunwrLPewtnnAEgotos9tmzsMJeXUMbtpnh5yy5aFIBMLWA4RzbTz03+uFeyID4sQeu+QXBDDl0jbKwT/QO5H9/hE5xFOfK+seh09fFLj2HY7VZbWtJDccv9fzTEqZVAJG76KgBr5pqk=,En8Obj2240Qguh3URMsBQGTghcd2DUHvFBLTn5gNncvspxkT3c/Jd5S6pP/mDHdoJIngKFAr2CDhpNMP9mafjScoRF1/hbsk6cdQVXe/+tFJxUdXw2aOK374/Iz0dSTZwMYHUUGYwmyIg+mbS5gM4uY6EK3ET4weEC66haUP1OcJSiwoLKVcpsdori5vipy4yNaAOYdKig6aIyYHA577RCBZyt8pC1zPDTpnhVtqUNg+LNusT2sxIwqMpVmWPBA6K7Bi32rfiK7mzCMFKMS5zSlJiivpxpGDFMRn7/Du8cjMPpG3HbaANmiQm/sEGkr3Ah9WfNONvkwhobYSji7g9Qp0onF6SKhjrpqPD3yYqJHiT7sMxRQxx8oMHCvOL2ztlebVEdd4i1W4obzKVFR4Tl0gyLUheibu4mC6ImJZ5klrRlnhaQ7D6RKTIfzyKNN8zVWbc594hxFlkZ/dH2SurB5/dVgDRiPKb3erDW2ykrCSzsSZPohYDLCHFCJzPAa/z5zprZNtNBBv3LUU7w8ya/uQyqsi8mtzC1nqG638QMKDMyR/xI2JygLgEj/lIMMm1zCqdkhZaSsbhtV5euGgFL48JjZmU6ulpXpONTPdghdz/RSBvH0y3BDDykeGUDSxFulYlL6oryumcTG7o8jJXmUX5cdUg2Gq+ZZ23kJ9ukg=,1613371965.6631165
N8NfFt2UgK4uwL6Ok9FS1oFnvTZrbmLMCvPPC5Hl2e/N9UznoeXD5J2pwwBMW8IAN1IC5I7LU0RnL7y4SZUsKcPEVWfY41RS4JUjIL6jlqug6DIs6UtTlZWGfTXkBjD9LpyPBIyjDafpA2vl+tonaG/JBTIGAO7UYDlvCrlgn4wILZ7CDsPHPBiXde2uqKkCXW7Z89K3Q52vndIhobRla5MaJ3qTP/9+DKkNBgb9KgJTw64oeQTS/p6SrtWt07ww3uOICIU6NHgDV0ZS4u874IB99dZf/xX2WN9H6CzL4Vz5VxEroo1wnm8uZj3N3AhWbWpZQtuprJG8yDorUBL2QwuhzXTN3mBRS8dR+xU5aXTh1V0vMAFOEluFHmYWbFJ47eesUrucQ5v55FdTe5JYg8AcGrywxI1M3vY79OS9G2ofrj1RI+3I729KYi995pDsmprmM8pq0Y78O1NziQOTDGKa/LiPQreUWOHzyfzcJUsTQWD+cLJY/1ovI7xT/vztbDrZusPvorKTYEQ7z+QnBtAcekhnzc16IU7EnElv34xSuRUwEl6kjEW9L87uHxq3MhPCvLKo4T/i9BFa6jZIetOosBdc71zsr9ZQh3ucp8/qetrdEw+8oII+X8FjLZtYT6byvM5VoGCPz0xVMO8EOwpV65lSSWJ2/+63v5xKZFw=,TXXHud0ZScj2sICwraEV3K2efKN1w4aEohXJzqkSCEfHq8MRB9KXjww5sTedwNn66T2Z6db9gNF4/uANCgIjxsrkkeuNQLbMrkPtCm75sMOjHF6+kR7pQ1xhsY2fLu5CejvHWzZ7+kZKk+lmq/dFYGBXCUeYyHZBtrLABkKaKNVb35e3489vMOTL0oDzKbiUvN5sUHKQ9vlzbLuiXJlwHxHa8sp8o3M1Yf2GXIVT991YQP+RhIXgXvtxDAyG/imLIU59lSwPAKrgJ/Rx2yzNZT9T9/jpz4wVYk+ziEQt+rg/bexVQc2c+7rKWsEgEG9lRE6OiKElAz8nH+L2FqmZlGnOzL3ImeBozT3OosBHy45L4kuXgE4XoJV07iABgPJj08jJ6cmMDeD6qNtqcZThXvcUA3ACyjGZW+S/8XVww9h05di+gLD2bls8j4MdhjnS5zPjqcz3kI4Dk6nPf47R8iO2Ge58VLZG8L+OfjiSqzO6oWiGWD3yuqwSrFQcZ9ls3eFtYxvYCAbjsemauI5U47+5STlPRHC9VHelFRpHbT+kKsXYPbHaE8LWgD61+rWyBjalyb3X1EvwtN4lLGhWDV+3WkS/t2E5uMWP+E89dmyKHUpXnM/vDAEDZp4pZXGHmGKzDU8T0Cg+F8PpltUckmU2eJ0BvM0TlfOWQeuNVio=,1613374542.0935009
detkZEg8VJdRJD+O6qXLi8DKv74pXL2hIP9oSlBG+3sQIyWCyQWzApvN6uDbOKMIjTQkK2hihU8Ykcyh5HWyv8fHBc5XBQc7OJul01YiK/gvxkUwfwVslMI3wxgdFFL+jsLgf+gWkSvzfruEiFgJ9lHJY6qG9Wa7+a3ehp/Ugrw1lEKAIWCrZ2AWucDKKOq9VF8gBbHEFJLtruax/22zRXYWK0Btvy+zaoXfKjw/1aGOk4KArJHqN7gBIfm85sIfDy2eHNmnThv3SX5QjWnOW4tfJ4z4pPRNNFI73C+PiKKIuMBVT1jmEXvH670qc6KRSWh27PD20qAW9ALgzimo0CLA4KWZDYvRR9q2Z+KNsVnPlcPYMRuIedLcJaxsNvg0VnBV5mqXLkqITjAKoLNYZXer/hZsra8KCJp+R/MbYrt6fORviFVAU1q9aGL7rnuZY64ag/5pjGMEU4wIx5qpzacLKnkWyKm6nf0wWnLkUCDWG8EfwirLqAVEhAYQw6z/r8OePSFjuzdhAf83N/qcdrlFrrr5emg1yDfl193QN2W9N657V7nwS4sVXyKiIAc53ula13iz2bjR/fk23QUfH30iAPx8YcTSYQInzgjzo8bWOwTzDigtWj0KkSjRBdYDgacKTXTc/9oi0g4oTInonI5EHFsB4fc5q6NQzzIV7HM=,fuZPVWhADNFDaaQpMkzCqMCRgTMO3oHOsNElzH82jvGXcGGR8REeLlXJ31OE3xIpReUcqSzCduxd5cwErxSrLm5N7SK/X8QOMsVSVTKTDmeZFPZeT6pZTR2HBPuxAcav078HAHrZU+ZJqh7DEb5kIrnk7IDF5YC05SqIGlewwXj48n4Wqfr5nzrrnm05VeJzPK7LH6Jk1kqfvBVTiYaj7SduquMAO0T0+wrteqd1QF8T9QhpkzaXjm1W5dRCVoB2CW4bAS0EKtY7EcbFM5X5I1MdYhNG9bK44k/z2NXPO8FBqAf3wycrWxQ+hh38bvCuZbIeCOaduhYz3A0icXxK5uTmLQ7/Ag5nioshlC02AdPb9sV1BVpBxJhPX2Kzu5qLgVGjzR7WO9O/DCzMk48YCuCzQ6ACzeONM/Jh+/QSnbSkBWJyCtYaawjcPJ3rYpKUWFZJu6M3yUyesrZLwCmorFVuQXzPNBOZx4JU5lBkDRRuljZOltbH9QUGoNJBWyLhvToujh1RshIeyXm8D6HuF7OPWogIb/SLGu4KIAzdXhS8MZ2A++Oz147E7TiBH3bNjjgZ+8eYK4Rt4wnGkqQhQPpizFrBW6xuhtZF9FRgItRf/m6voOy8fpj2nk3tMlIoF36hQ1bTB4ShkwdZv4K38v+l+fQXgawsSGunCbJuXKw=,1613375265.1929994
OBSr98x2e48ygQdv9UsLpNOe0enkxAx10SITuv0BJoObVXVJaoA/TBf1Q6osxyxsOI8RVP8IOoMNwatyBvudoi+mmcECkHH8Tq6gjtg5GJuYhKUKGUoe925lX8XdbaWJ0xiqJrCXFn6yNsAfeno9OO3nooNhIxa0G0iq7iBU2EnBB/RWjQis1juXp9K8lVhC058knH62vvo51YQ1BKNdoJT65FX00WDnW22Ocm6zpGapBlaRsez3R95w88AS6a5nRoQCMCZRfQHeAWnqSXYaNmVLYMPQlQj9A8FrI+AWQsCn1020NvNvC+fX7iRhkf78Yapqjbrm7tB5jtwX3ZZA5nx77Fy0vL3NPUF/BDFGiB5GYl/6rSzfEvn8qh1slndFcZT2JcfFzrQVpVh0OUm/Dm+JOWpM2vml7dw8eqYiZbSxuJZLHqaYxDc6I6s9vAfX06cFmQmyjIJ5vLBr7FekndgkZu9V3MfkZ3hOpRuShyXCC3se0I3IKp8nZ7dKU2vA/hHQZMr1rMqbHfNloinb2FxLpuHuVjsWb35WUHvFMogRYaGEFDBNRQgxVoLiHxpJ3NUfBI2hVQb+q7pAdjsuhdYtpjxJlTL8SSynbWLaWzopGg/LUkoLwFLDX7RpojDpXUFsMfScs3a9xcs0XXcgllNxOEW/HTtHC1EMOm88F9E=,Wao6z5Tr+WzAnhsVWLh324Cwoo3uEdv2ypflxELM1okurcplvFLLS+E53ytdic4J643hD6sLtqCm3tymLztV+5+A6rWTdprs7d9KM2heJe1HulLrc3yczylvbG0MaV8N8piWAvXUZhaGlYXmNVu3r6/fY5Yc3mVGI2dtnh/vMWUiMYB1cGsKfOxwrBz4OwxLBcT0CaLSUHUtcHqegyBmlTR4KAJq1upG2gYnk+InelpGoCHEOj4jE8r6PIuR/H4eR0T9Vf1qwuGn+BXymfCQsnLDfCZvnQGp/wCA1pnx1Cm+lV8+ytfsuPPSpweOilovfV3eSlwdF9iuucU2AchZP7KCBTPxur6y0wW91ubkFKGxVeoINjJTQq+3VMfasmyxNM6GejZ1CaWQPxqhUUJEVBDQEbMzga4G0q7E4E42C2uAElzheyASFRxxrqwH+sEYtTG+bI5NFRfQ4yQljMyv1iDTDMFIsRXIQRHIqUjqLjsZ8Gik1Uj800ssOvL26dRYIiyiHpLRdOTfpUU+g9rYA8t1zJEjqHow7nVkGVhsnz3NM9jXPhn3t3SVqA6q9PiTGmxdkqegQs52w7EkW2TjkxH7X8Ld3meRf8fCf91exbbOzZrUDFdQPAkxqExOCYDYyRe5AC31mftbRMsNB41HkWXsDeoXlacawYTW7tJXvRA=,1613403372.3796012
c3O5jGG24ifhwtvB7qdMFEYjriXl/8YRoU0reXBVBqLt7FtajX362IS2dj4G9JDhUzOZIXKh6qx83fyNJ4oiF5cBTeX1sQz/zdrnCPUxxonFtjzfbR48C7D2PAoNN6rTdGZApX3UnpYRRT6Y60YzeLYTNREu30CEvVhgfX3tEe7J4/wKi2CYBNhvQ7NNOke238wNmix2vWlBzxzOJVlMlGzxqSDRVG4bm46TOt0guvpfAudYz7HUkv+cxZjf2EBPMu+i1x9SYQP0IgXlrMtjGf/KGGHrWBydGCkk499mSE37G1Z0k+UONVzoYP9QBFzRiI3dh8gF/CeG4SNB9DxpK5GmxqXrFamX6XfZfHk/gSRyZoT9GyjY4oplh1QrtD5zttavSNIwYXJafpE/3bPtAWwQPoLAnPyCNVRa7qi+K0wmul7rxVgWgtlBYy8WZ8MzI25WQxgGqFIoQta5YMQ1LPvAH48vKSVge2RwoH8HNzReZJitEMxWRqmyUvXjGSgz6yzyXYswGzbWvZryYfNaLM/s7+QKvE7w3z6qypFNCeHhwhUlp6pMT7fWPo588pW9B5Ashp3jrq5t4qoqughrzer3MQT31sp39VG00Q01X0jzFIgGNkMcJUUM31+G5uBZpEorMZWrblxFPnG33A8oIGD64fw9u8iYcnqmuSM/drQ=,QjZ80IClf5S2Csvn0R84MRSxSXwdcDOyufnH6R50bExZCmLwThi0oF/ijYc7PLjz4UOCYvjXadwQUlzUQuE9o8n8F5kxpdLeZPcaw3hUBqHuPCYOS/Jj4h7j+oehwN7rrhaoYHEXmFJ8wJGV/78j8CKggpQzuGct7PsTWFlyOfZtDpr52OnNx8ZmPPg7BiTCXYjnVqbmYB8ea6PUhJj+5AtoBUIJNh/FRq8lTUt+sgSoa0UbzLOkJ05RBKovA1fiiT+DQ03kLASbqIYzEQ3lurOvG0K794Seq+qIfNQbjb9leJl9eC5f4bxmR8sgv8TvBF1S/guWIKVtPi6Oygthy0abo4wygGcO495oHbgi3rWR3eIcWGodsaiM+DN6HDwDD9QvmFeBhVzxmnJnRsopzZnxSqcwDPgdTAwlrjwsLo1QkB7wOqH39WNisx9HyOSd+JyqNpYTtVyw0Gu6l4bMNDNPtGwuE81c+aAmWW4jRlI32miNiQZ32ML/BSBgqxbud4P9mafJDcIROpvoWim9jrkZVt+j6FN8eHKdPM4iaX0ntrpI0M/9UZZiRLEmlVfRKeM+gTz3T+7UY+A8RQ1mVVl16IVOC28bQW6cQsSvqQzBlNjg2n0wv+mp8OH+JQkkk9JXjlC+Zn8s0P41wh4Q9EARLvoTHQB2N3d0dITrSfU=,1613386188.58626
ZjbluGsJ+RRlYVqR5ixok38zeXq7GKzN6me+QNtXgu13OCMdTQ84suDstcMg6f1Ingsilxx4YuIlYRpVL/peHIEj0qyHdKhHslJW82pyfOocIQ1xDM2cSBrl40mGHmMTmYSGYuKjAHtemaGKymtfloSPeBACRrizhQf+3UPcmstasnXXxsyu2jeZr4Q67uqyCbl7nIEK7cKUB6TRNVLY2pHa9qUMQx/wtRMJcATflHlhmI91M6wJKbtnhUcy8saUTvHE4OeHI3+qex7y47UUAtEtCyFW22/I6tR+c0xGFxl8xfmUxfY8QZHoRitHpnEn+YOvky5CXuWAVUrRgs2Ugf9GyAC+UIHOlLAy2bR6CoqOu8ztnhLwHxFFfyVtu+Zl8xAnbL0QSr5TP2bGPaJIlL34TUr+mIrMZm73Fx8D62SdZ7097IcJJhQ99FnxoE9WAr1HU+KSBIRTDUImBMNjgnyr+MPA2S+NonCjtmDO1grqykt2XhTiwGYQmJAsffbvMNFWR0/oVNA0a9Vd8PtGr74fTvSjbF+xJjmA/zsp+eHCd/64iRh+d3gYoiygyilgD/YSKAjWfP16dUYDJr3LzulRTHKlRETqqtxulLBpIiUsN4VXO4UMzcnKuD6JzKUMfq7k6Ye/FfWbkJ7/bAdK4niiY0c4vvFrIQsmtIM9aEY=,Xjg1brhn7Mv2fTLHmk/PqhBOPip7Vu6MYdfEg3RhkrPpo2ZAMXrTq1p6FMwZNPTSILivbNqV4/P2JBdscrV4YG/fBvbEpw5FO617TNhC+8L5mx7jdP8jWukzJB6KHH1+IOdrlZrGp8UXzNElSzpsxq+TStvTry/mra8xOk4QthzOjKpTqMq9zTqLaLB0/+bCUYu5iIUBN79AdFGrDGGbPdAgHN2ZcEMkG2FEfmf27uiFw5b3gdUU64RcETby4TGMcEVDSHrNetbzI62B17haKyeMy62cdRa99GhWXvzZvzBQxd/TqK9sGp2enhNjY+8yhP1DxIyU07Nki9CPpXg5BVlpqLBDa7gJu2c24ETDjmUnK8r0feWcSi/1z0jfXcql9bPlEVslQpgI8NtWT+9VuY1bHS+LLmMA/b5vusoVBKp8qno8ZGbxhmCHahFXwQHIg9xQV5o7i/oQIi2MzKdmuI0ozP1Uyk1qD+iO2LEQocM3Vbx/PlENSlPMz8Hbeu00zkgjnuHpitrQpfRunMc+W+JTDs/2hf7BYYhue73ljd8VIy+Pa3WrriiITQnnD+lP8UPGc+juZxm8ArPnZk1VqS3GaQnygakQiQ3HShfUE1TLzDShwaLp12i6HeJlzmxRtwpIO5uPavrG+cyoZ1DHUc2HrkCoMdXEJ00dj1K0z/0=,1613309359.8880744
B+YHjChQuBektzc1H1kspvrBfPE5135PgbZjYjMepkKvqnOsnsQ+JNMHt9gEz5KJRRv1geViMkMb4+KCDZnOjLcSOGQfyzFoA0RkcGiYSGAizZkMk1dVrvHdSGVu4x793r3iMJO92cXBCNh3qgFcGhNT0P+9rPvrtEMuhnybl1XJce+jwMbQhozhHzsWpW12pCinX2U0mnk2Y18kHwtz5TuljtYOuFY7cxKlqaCkgOHNcHMnAH2kVIdTQ7FQRz1gIX/6oY5j8q8pJJ4CiIVkfP/7wWnM19ny17eUfOUjXeIIWkJWfhF/lmjjM4Ms1dYclutMuHWNufzBor39jOsRBrVs3NGynky8M49eaIrz3ZZ3rEepzP/MiAlfAUrVmOD3ZKcO141Jc1NSlIYVVqIlg92obPZMyObgWX5AKgUjSR5oWY1NPw/A4JVOq/XwjFEBV0iCg4LeJtFDFo8KwBcGTtkVSS2JstStp5cneKlXmzUbC5jBodPBXaJEsh4lZKRuvTHp14jA9JXvadfgJqECdaO42v4NMb7cp48hkd/2S8/POEZv3/92xGYOApkLUzcfHZJJYh2k5NUDmlnPt0MxpaGzVHcUS2QdosYPsp68hqB8rI0weNJtwGlMhUD2jDMZk3RYMJKWGDRA4px65G3w2m7w0XKBteMZrpudF6z98WU=,BLRhgu8Z8CTN/tyWLRgpsU/2eFJ3JBK5S/5Qnsr3l8P6utbN706/IpR1piRBJsKgkhQwlOI4EQY2cOfinbmUbYbHNZ5R2Cfs/a+cb9bPXqPykSfytP29cP2ZD3YwfwirOF2ioyNvLQcukbywNgc2hN5XQQybq5uEZT6b+ll/A5OuKABTZKzH1lbYL2ksvBUoZBb07gEnvKnXVMlWsWkmkClcUWGR6/M0na/rRqZ5eS9bdjRRppP1J87THElD/1iNs+GyBs/agku6kxF3OD7ts8Ja+InJXu5GG6h2NyCqDXpGN7aBGnX5hJEO0YBhBcwjyue6BseOJjiZsU9J8mLP6E/cxuqC/frobFJUbOZtku03Kv4xJ4Qy3hwGymChKmfh7SQJUohZC8Ew+08RpYv8egtPdI3fV6H81AvgOQLlgcaaE9Rq598HJlXAMIHhNvNDV1vtCCNDs9lPxkmhXiUKsjjNMUS4yXT7pRcsxuaGmHfZD8NwylUXZprZfVttbE3JAGyxcHV0lbPJWrcTQZu73LBcWmBENxJeIZiLU5HJLMcKswuEeGDr30WbcxJd3yhetmrXQniQg4AJXoa3g4EdxTXhPGrWLhDV3pEfe40l58hTviy4+euXw6+mLzgeeCpGjkXo1jjP2mnsmx8kuZvhdBDxWcXDxj/qPagqYRLnjLo=,1613402929.255664
8YbT9NbsD9pVCkxcPNgZoxuXVsMvcY3LnOFop4PUBkn47EBiVP/7rtkNdug2bmMr0Ly9FjqC/hxY2E6YVuQoYzsbVtv9bxkfSSrrabRTIK62L5ey+rOU3Hr7VOLtRm9Bb/6rNVtnDrUkc8+bN2To2RXWO4GU3ZcfrJzFqyIFK73FFfup/18+JMhOOmSFNalsFigdfc8eZk/RDQsMjxRgbde0R2c4xMofIX88GNPStKdXwm0MQTBj/0l3EFFQc6SZfsI0cDbS4wE011aE3Z15xhAzgsNElD3elF7yfSxCItG7/S8tES+K79hzoMKavLUCSotNPOE1rV69oCgoDPq2uweT8IgCsK2bGK9Ya9YsmZSnqMQtMKq2LhhHmP9RQclvUpQk5u/Cxp75Z+/pfucOS7nbOjyFZrfstE5HIJvf+CGG/gTYIwG6uZnRMMaai8sMAAQ3NjUysFsGmKTxy/PP0vpFV40SWoo6vl+wvEMptLSDBSI+T3zfYR6V0NF2mcxvjJMIDgaB9hMMgts2u0x+rTpMCp1Vn8F+0eL7V+w/uJf2AigX//vsN2tRxomXYXFl+Mg+2Pq1MVNvukRlsXV5MYQZxwWn6hTuI5saoLQaCLB+ybfWe//QvkbYk2K10oPuPoR3D/Dt85StcRolmIwMYLI2gc0c5Pc/Vd/MaBDM4bk=,99Rgbrjg0qAFhjXBfobPpPzomq03WilNpyMU++mkHkZjTr1zYz4+rRI1MfcSBeyYQxXqnL4XzPxPxR8Xa1WoQUk5qlSooJ1WpONhvWYeGFgkSmnEE5YOpY2p5mnobaVjQgSD+kvDK3bAtkqeQNQuMLQYhBjAnYdRP9oboRvf6A1IyeJEZg0fDA+e7h74txAf25BizcnZuLzwqUp9vs2iNWIpRr991DBsnzR3PzCeM4BZMkNRhOZYjnDElcIn5HQ7mYM14wczEiSzGflwSZarvT4vrWBKQMQ4RnpSAZfFImfCwGLO3X6SkuBMheTlkreaXvB55/a/HgRkQgRCkaYhwWd2IySGocNtQXPNiVTUdQFrAzw+rmeI2+OBqNiRdVWzce1hwPtyuQ7qN0HJC0TfarNGkOdcmT/Kf7jDj+zz3aHHW8hfxjhlMm45Ki/MMBEPl+cnj84fjUGNmKhpFOIyPYhSIp9rwYp4eK8O6yACElCfbXztto0pLvUvN/Ey5LS4xq1MblA1DR0CzrfCmEcgxvpHY9UX0+dK99+CbHomcLR4MjjHmPNpYIk0IKSYPH/pQkmsS9z9QSti1AmOzFOwh1rP3KvHfHDosfDCCjvrE8yISGvHYgWAXl6xgT6J0prt0oRHCq+/nyGUnPJ8ZuYefCcDCmajeAumYnSVDhRzR1Q=,1613403160.3343952
Uml9RAgRyvEkGKEB4xAAw97KBrGTaYAI+PeJJVnw+WdcuzCrPV30LQya91qGalCJnned/O6Mtxpy820VEAdvZQBkHTKlRXH3s9ecsOdVwu+cRFCFWQRzm5FweOjnm82O/973Qv9bah7FMM8hvq+2CazcQM4k3Qs0qoEuzGjvqISr+aIMu2dlf1bWUGQyoEUOWZWvfPSEn1eOLQew6PRrBgvHQK0DdSvEqemMi/QhR9MsX5N8j2YAbFXg+5p0DK89XCIgaRqZYu0UVH7N2LrnopocKJCdrrMSfkzVj1RnvItJasfZA8jybaW4voZISYLzEXgOhnROPcBcan0YulMkujCuJwne/fdmVEUF/NZRcqmBHenT5XAS6ifhdXZ7JQaX4T9n98cc8TKX9HBtLz8acWlIKvJxsNGIaGTvmn9wiXp4g9XOsAsxMA8kXkvt/eNX4WoXAAtPyEfvlKcfDPs9To1cMerH6Q/XGFTbWCNCKy0tMOiNwE7Ncq5ErUrB5Xi76H29BcaSWHKiHuFruRqz9oMiyLBwovzcnU5aUhaHAZHD4D8X86T9mQA80lNt8EsReeAKiE/PKcmX8jrrtN2Cijq3uTp8HXmshtzURH57BAYwX8QSevlvDpdBuUv/+PWKG3G68Zl3DoZA086TIzlFL/10JP8USfPpnbnUdwAQdFY=,nOcHqqSTEs/N/0PYNWlWTsKB5jLE0cpbpPJbisiYoBYd/L04NjB0ljLwrSLLHbqoXz7UesEmEHTanuYY/jQTjDWvcAppo/osatBnHF/giQbgiB+AKRN77bxwxuH7BrK69JYAM7oMXL4yVW/BgEY5iGzu26OhTZe5sLYC2DE9LzwgklNIjq4FF5ULHPkmXT/mhYzWXzV7s8853dpTSCE+8ojlud4VE6bJtEaD7XR/uT0VQds9PKdF+Os7vE3VCL0ltnyD52qMU9U8qRlRhoNpT2PG3YHTfj6rBZ7QU9b3lqlHHMUMvkaYzNTl6T42DDpbHmp4vSOiJPqJQDeu/YWzqaQ1VVb1Nipq3nAS2MBGeZBEWcpeTb8IuZ4wyBZ1lUyMByYMTJi4lAvOG+bu3ZAQtMwMrb3+iadRoaSPmnKMoeJvR/RjV6kkCwUSS4YQWcRbSvqtzV4fd6O8eeZuOWU6Ck4jG4geVL7xuPKO4X/qp4rCqm+YfVcG1p89ylMhenOo8su8BnrHJ5R8WXvYbOiGtnheavtEJEigCb9YNl+0NU3pg9nTte/OwJU54t7SF5PWBssR0ssdWfrSgW1BOitjOosz+xZL9qD0FKI8p8WhG+qZrL4Dr+0q6qA45C/LIws7T+WJv2lLbFBM5KZAOmQFIgYgPw0cNR0X+X1UZKjwB1A=,1613404758.712083
JeTBrb6UelDTh8F8h07TJR7dADF7vlY8vxQnnt3inwY6Z6aG6S1Xh2PUzmYks8/9axpi1rsculQtJUTRMs3ZtQ1/YTMnBTTTQ7qeMbOY4HVgg6POg+j7gXdpeihg03CV5Rm7pyM++PZ9aSKuiu24j/dCWX/0b346B/X7G5ej/tKqlyosroEyNuK5UU2J4eCc9W+RmGLLuCeldUhTW75GD+UhjL6U0yymoEwkS8yIVOVQr2pAAMMlYLla3vLq0kLcbb5k0B91aFIL2Bsh9apZpOevnDrrmqEjcT3TUU0415uoZkuV2IDlBSXfyByM6CPn1A47AL2qgau2Rvku6opjYbKC5e1zX9YkSGOyLoxCut18yhVQCI7WIm77pWSPKEA/ejWGdeE8eaBJnOnlObw7/Haik1m4ZyCvpiQIZ4bkjG7QmJ3uk/mSlg7eKggKSkBLmADkt03XD9rMGHFThaGufzwr+PXGAx6WrhjiN1gIltFl235LtW5kq9gvLb6vRHPm4Z+6Vcgn5+xCF/z1ytcg2o4C3P2Ty+diMDjcKKJ47Y7RJ2Id/3lZrW6XJXyGQqStFsg22f0X2MeFKG9hyuZE4fN06TtHEdeJ3MtSHOSXKnhBtKxKEaUzHsdn61E77VVfkcEo8zUrnsXWN8gYXimesvp5quI5LAvvM0LRHVAMlRs=,RhRg3HY4j3VcLefx+S09hiAIWcCEfw8NUI1eWFj3E7PL0nlpoT9xbtXSNrT9O/TZ6oevgpLrEFQbdCb7knHUDcnblzhHTchTlYwxillqMEeT+RuBPI8mYGASiKLjn0IBT+E2tQ2dVlLmmWVpBswr5fQImBex20U6RS5PaHq9UqTueJHMcJ0+aKADdzCZMDuw768cf4ReflFkD1OunYa54jvgLxO3CmuGyI05bjle0bAscmipCTSxhbVGHSNmMAIIpAvudnxEK+ZqVrXfXCe9zT2G7Z+Gb+Paywrup81ItAougmrJvq4xkot2Ty/mz+lXKvhZPUiZqHCxP4R4qjQf0yzivdmhrWar3kIoyJ+B3JL4HTGJA/omFG3qa4Rtv3+CnYByTfThbwHtNkzvczN1dgF4w4qXZElnPru2zC6g+m/e8FeSuM8m5i+zOE8Q8fX06uEQEO0Uy0CnqqnzZAjGnl9Usd2doSNqX47eLP5FMtusBahcmI9PWNvqMztq3NgmDBee3i9E10o4LAC5FpbqS1aSBPCQelImePUmm2mW1puJXmXHbNHq9i80BiP2oxW1qUVv7Fhl9qWbKNRDfDDdaw0Tp/LUY8BYN+vMvxo6onomSSA75dQIEZkFlmLzRJkb6baSEBq0vRzb/AH0lOzZ81CACJqvKfPI5XrYYpnoB6o=,1613421561.1647928
MBR5w8EIMu7bXFrHH5GvgwLKS2cphb/3PemtKTenOjWsSQgJdMCUjlWg89fs3b3MuEygIIm3M/tG98pLnuTWtaYlBa7oyyQPJCujhdtEFzadKuZm1UCtsA9UnkpNMZZ2mRIBVvxmWrJ7hcoS5pXtHzbbAWDUbZxhL/eQdvBfubK8IDI9YwoBAHlEC1XR1YX7GPem+APIJChcMdxvFc5Ra+niZQyczJsqrfTM2cEkMStYtP6RHjpu3DvkJ8BQqZYMca+5J9EKHXzzmZzt3CttU/6GRx+8/7t8ASQ/sqehxsK4BBRGdM/wT+v9rsUTEuz+BJxWXUIeD9msOTEOK4ck35myZEWWhbeudThKfZereoTT5JajPvyNRZiIAPywtwcnv7U7e7lCLFZFHck2JMS47TVmiXF8JqXMfG0lfEcxF5uEL4kShdnd8fbyPONe27Tm0JD7zvPM4u357l6Zr0aN5T5FfL5w3K7WG2moTvAngiDi6Hy4/Gzexx1oDsVOVRHKvMbPEDlq3jYjEP3N3hhkoY2WBD8xkGT72rZ2fCoGCyerWnh/8AF6dHCisopDj4RlUj0uj3eFQ5A479nCo/GEXDz84CsiWQUpANtafc928KICa70mnXXMwgsL6y4+aBZWFjshKKI5WX8x3YxiCD/5Ed6DNvZaQDPOJf/JO7rl4TU=,R3v6jJvkpAML1kGk+w1sVG/0oWVpZX966VlWarRNtlyarFnk6wGcFQeislZnGOyT/aJb1kAEc1wQxCkBU0r18RTJJ3FDzLmvl41qCBVa0+iZLXc9W53vNcZCzqi/FIsysXwb5HpJBb9iAsIj8ImeDl8+z3T+m4DSct2EaIrW/Tz9MXO7GPBvK8hZkQtAzXkHiqIesSL7Jp19JP/KSzQiEk1w3YG/8XxzKhbIi+IrX1nv0WlzxYvZpTGjm+aJ/h7q6Mh+g6eZaRhFRTV6Fk66WhfWbLwJrAY5gxRfMisghf4yijrI6ECnmm+QqWE+GdYQcK1PzStjcRmW9Up+oVjqwKTQoSNHH31LwH7Or8wm7OYFhzfFRtyUvPJ4PPtmjtywkkSGllb6qJfGewsu4zR6A6lFIA8/+38LQWbW+3U46LiBQJwZkMoN23W0XJ4DF0GYNhfYJ/vNV75nFMVlC4E2kgaROPVJRqUjwbof1Twx824Aln/JxQjPv1YEBv8oiln+obg9PqIU17b9szqjPllOg460wjJYQRusiCbPYEZAHotWgJnwklO9g5ikYqea7Xb9tgt6NW8DmqTdDWnMZMmVG4rXg+92n/a6QpHQe7st1mea86peRiAnnWW8fxqn+BxduhnWkSiOtvIXNIHjAlqUEptmV7KMYA8qoUZ5uvrlgwQ=,1613470363.5811777
d1Hh6uUM/cA5bAHFoS2X8/cRz3D0vGLH6baSk8340qFPaq8F2zYoxho14rFKcKBeKt7XkAA7qobwg6wELwFHF/hMpFjAjW4v6aZyx0qu95mwmIx4C4aboddDM7QQwvnHLx0WfiYbYLYLyQsqEHWQnm3JgItzrq+wk5wn82i03wHyY84WNTBUe8sZg3yxGtLCYbobo6Q1HkGJ/A5B2p+Hib8QZ6X4V3k4u38diaXDXilCgNkLi8d0eHiTE5kpwQwwO7h4jGG58xIbOQOii2m35FQhthvgZmpU+hLliQC6MissRW5UQVLol2PNXBI7lBiP5xIe668DlTUnn7oI5C8/7gjSOjlNqBTSLCxi6pt1g8+0N50K87g6BuD1mNWVMJsORbzo4IO9Hbe65H4A+BH+jOJWzLNVoSp/TrnGRZjGQQlNAMjz9IvWApDLzN4Dnp6JH3EdMK7ejo03VRAPFdNFRZbFL7yaLjMTXjI0YYmbLootL8bEp7jD+sdaVB9WJDvLa9KNWsPO77Vpku1ZXW7WUZg2KKxHjo5znSl5pUZKHXzz3BqKrcLFnipn8rH9qJDQYb1KHIQZXFXGEeoId/HDeaCoR54CeoNGWqHz8XYfK15yEvIWaZoDMjcWthfL9+sUS+8RVehS452hJVnYE7b0oj0pJ9ou2om6Cqze4+5nEhg=,GFEM3FY6L1JnaSWc8zN8VqKaYwkQC0TbSVyDeC+3mOZbT/YEwJshN7ANGtDtN10ESjJU1sVbg15QgtZXPYGKeKu2izseCUBN5BkT/Mm1qYux6A5JmPCYzMVOuknK3RPN2cCu4sc7HrCx+yON5InFchXZJZ92SVVdXURQv8NK0QoHxrr2SU3jhyAzBHdEKffktmZQEskxA90slIK5cN8VCYUvdBphMAA1AKCWxcPQktTiBoDNmq84YjjjFO5NQ32lzDxpsvIqMjsH/KtIAaquScU9nCkzscKbW6Ex7i3hDiTzGUwbYn4SmtMIn48e6PfQ6EIcbHpCBsOtJWL50yd7gOHRhhl4sDfu6uKU++p4IgclObdyBJ9mWMbaOf1VZ1wUEBcT5dgyskB8YkDJN6Gi5k8LQBkS/jHwA8UfojSXMh8yXGmGIqLvtMtr2aEzw34KQsHECCEh54UVm2V7791h1J8ij3vxROR+1cC1lQos+/mG6XnsI+DGpPBS7tXa1dJ0WKWjGGjPF0ht+4BMqKz6lEQh+++dKgJb5wWoswZUjCVfFpJiLDTh52C0d7YikARE7QKU2R3TOv/v1mCKzkJuBD+1R8//Lx9c45nEQuJynFnOWz6qkZ2NzWXvoyZzkADxU6V+91MTRXHjWBLs/Am5lWKb9+4to/iFW/WTWdSN2Dk=,1613471427.7584434
LaRTbjAYnUt4F3gipBmFWdOioYZVbIl6EAvnfoGV547Fjo4uz9bllb2DxVQXSA3JpaPfdduJ7pryh1avNiLB93mkgauEj4YCMXAvB+8YySiA1npAyak0Fkeu9bfUnxL6o5Wx5Nw1EEkpMLExx1d43tEmW8WbLlvkWfTGZUMGLaowtyfZvhIyUkyi1TKVTMZzT0/7AFB5QoH1sAeHpKkRBTxD1cVGK7XI7p7m04l5BFKo5wsEnx5EDc+E7zQ7373vV/Lqxtec+5AejrmQQL95gDSg26yxQB/tKciEDEGXpZwafqwwHk3cg2ZIIwEHBIrdc/852El3udI6CoxvIl3pN1kdM0WDquGhOUSZrEsnjtvxKWUtCKS6hQxYAvib6O6ZOdQNVWfDYfvMES4KQbrfNRQ3IjdpdN87E5Ckrq8htvwmPJH+BcXKGZNjOmwYCY7IbbN0ymtDB3n78iSIfWLJlve82eLAHCT75vMxhJuxKpkEZ+Wew0CrMKqAMeRYwuMNcRG7XWgl2rxWf/JsL5S6pUZhxjf7sxJxFm/6fX1suDg6xBP5uw78z1/X/0vzxwqbukjOmr2HV6vVm8uBa+sgBLr0CupvtxfH3ldIe8O6nPgLY9pRReUTk4Z2fAqYFG62GblyocqPuN+doyHGQP7ZUuzmP4+0xeK97xPMV/I7DWM=,KaQDRBhT3FLFdwoQEiRTdDeAqp4xOWi5npr7SEE9H54inymhMTU8VfTYgDQrVBD9ct9KpfW9xe4+/uZI8Zh5Zbvicl87prRq3lVwPjM/POjnQN1dJOnfuNXCHVkbgKsN18J19tAqBhLhmeOQCiPzfsGzTM9BcKopmGG27uwj/njsRlTz0ZE8tt3e0F9LqwJliZfSyK1eJSCkHmsDt1f+ZJ6RUCtPHn7AZLIWrKHutOEnX6Hvpi/86WiHEF+nbhV1osycGdzKZYU/yAduUM5rE28qi3F90QWVyCGbz7ErN3Q0KxLfp1MIXWe7lNPGEPofuRv6vIElYnuiP8ntAcw/TtOpqJ7RO9mV5jT2SPfQlcL/nThPhkMHqN7d+V+LOA4XYBKPMdx2U2SgNm6oUC+Dh6YKpns4lCiosc4oK4A9nrm4mxv91TuzE3D7dAIc/3k2FRcBr8CZ9dnKfWdc4a+uxvA8hexv5p+VfA8GIeoTZ6nuJrk2mHlqvdDDLm9WR49F6VL+PzzMd45YtL1mVHZYskrxaxEtxmlV3P1BlmENEjI+39znCTwbEVLeWBmN5+FxE5V0QHCWLbeYs7GxmrN8ns1RF4QpRMAvQM/SU7msFbSSE6fOX4S/wL20qyDePFH1Mpfgxu2HGZdcdykEvoKd8S7sWe4B+idecjE7vJVBJCQ=,1613472106.7215877
bFlKHYiGsrV5930pbtzge78a19tbbLI+8kZOkCu2zTnvushDm8ka2Bfj2o/SlkkxoHsEYDFBj0xcLAhb0wg3aBXXCb/X18r+fKiRRL6bbnl10Vc66hIRrWLhu8wBBZRsdyYNJaHAVbEwZhoCTI1JbQuU6LWHJfTQag+4eMiwxS6oAVzuIdPlUoX2TsKdqJgXpBz6E0/e94EXPPvYlr65cjhoZzAIQ7wNIH5bNjdnCj6HI6CV5hYhSW/5I5YjZRI3OExkbwPCAQNg4bJll87SSewP7p3C1YzDBUDyEPJiHxp27ErFP422wM1LwGWuiieX413eadPJXOn+HIkmioVwO6Edlh45TNvnOMV1N+xmAfvPDrGu7oMn1mYCarsUHKl+lT/18JnOQibseXGnel0vyAXp+GfUPmGh9C+wcK17Kn/7XaPwRy1oI+cWhpwWTI3WfB/aD03/qDaqE+FgDffLkzmwbfDpHPe7hrGWI5dRvkMHbbgKKSqLUCaXS0Wi1DCpaIV1XoG/KvFBcYASl5ofn77sU3fGUe8uOhyRyRprSJmi3RV4Ore7hTZLfJGAvIa51MW6OtptFE0FRizjf6CHSOPzcJav9onGvgWFXx1qHT4sNCl/ehLiiOSM1DekR8JmKcbLDPcorZ+fOZjRdQmORCa5iJIdy64bCNHWo2NdAEU=,F/syVECrZermx7y1Uacy6M48e/a8l5ZunyYFhDdvTMlL7IWCtnE/Xfiw0o1IfUkfOau7FIwz7yJwUSo6tGlJQwPmysveZ4MK5IXrWSqmSnKSFam5fPfbf6pJ9NWXQXbK67K7s121UqB/XDLkp4muzY/mdO0VkJv3fhLMvqNrA5tJ0ca0kuOERQOXZD5iITkOH7wzjs8FiMTdr9cjwuPOszPbeubB9bamLsxjE8aXbwrvJVnHA4nzXQOumYP/p2gUOXLkk00QzrnCDyegK1Wn4hVPDil71DTX5NWHqT6rybpM95cymARQxVqjQHNnYXUYXklJiUJUs+aOgo49gZMK7lUg2e7c+KuwPONGsQlMo40cSRh/umN3IWophjD341JYRL0iwDeGC50EkMXh7omlOtO/ZfGBplYUiU3ChiboxESemYWu4kTuqe/xuKRS9FFi+jIFgS0Tyhv3FZ1JXMbTNPWSRNFvEOjGnrdHfielhFYW9P1IX6FSAE0LZNeSzPhKES/ZvcEj9FhZvGAIkMSltIKRW9G1JuJOCTZjN7kbcTZIZc7VSizdqE+naEosUIr+Ji65gkJ1Vo20TLSORly6YhdRSvPIl9zDzU5gU58/U1BFZbdJSP+cRP78Y4YUr15NTZ0iOwGs2BCILpJEvEcNM8xZQepekD5SjTJa3VyqfHw=,1613473346.5966892
